Sno,Text
1,рдЗрд╕рдХреЛ рдХрд╣рддреЗ рд╣реИ рд▓реАрдбрд░ ред рдмрдбрд╝реЗ рджрд┐рд▓ рд╡рд╛рд▓рд╛ https://t.co/zpNPhk6foa
2,рддрд┐рд░рдВрдЧрд╛ рдпрд╛рддреНрд░рд╛ рдЕрдиреБрд░рд╛рдЧ рдЬреА рдХреЛ рдЬрдп рд╢реНрд░реА рд░рд╛рдо @pradeepraturi1 @ianuragthakur @chetanbragta @KeshavKhajuria9 https://t.co/4sMwCADm51
3,RT @rajkumarAAP: @ani_news and @ArvindKejriwal рдиреЗ 250 рдХрд░реЛрдб рдХрд╛ рдкреНрд░реЛрдЬреЗрдХреНрдЯ 150 рдХрд░реЛрдб рдореЗрдВ рдкреВрд░рд╛ рдХрд░ рджрд┐рдЦрд╛рдпрд╛ https://t.co/m5HpcsmP6v https://t.co/KMтАж
4,#news#aaj tak#india рднрд╛рд░рдд рдХрд╛ рдЖрд░реНрдерд┐рдХ рд╕рд┐рддрд╛рд░рд╛ рдмреБрд▓рдВрдж рд╣реИ: рдЖрдИрдПрдордПрдл https://t.co/HWSZpGncQG
5,#news#aaj tak#india 'рдЯреАрдо рдХреЛ рдЖрддреНрдорд╡рд┐рд╢реНрд╡рд╛рд╕ рд╕реЗ рднрд░ рджреЗрддреЗ рд╣реИрдВ рдзреЛрдиреА' https://t.co/6zvU3nmuQn
6,#news#aaj tak#india 'рд╣рд░рд┐рдпрд╛рдгрд╛ рдХреА рд╢реЗрд░рдиреА' рдмрди рдХреБрд╢реНрддреА рд▓рдбрд╝ рд░рд╣реА рд╣реИрдВ рдПрдХреНрдЯреНрд░реЗрд╕ рдЕрдиреБрд╖реНрдХрд╛ рд╢рд░реНрдорд╛ https://t.co/SGOvDN3nYi
7,рдЬрдп рд╣реЛ https://t.co/bLom2Eafyi
8,RT @rajkumarAAP: @ani_news and @ArvindKejriwal рдиреЗ 250 рдХрд░реЛрдб рдХрд╛ рдкреНрд░реЛрдЬреЗрдХреНрдЯ 150 рдХрд░реЛрдб рдореЗрдВ рдкреВрд░рд╛ рдХрд░ рджрд┐рдЦрд╛рдпрд╛ https://t.co/m5HpcsmP6v https://t.co/KMтАж
9,RT @rajkumarAAP: @ani_news and @ArvindKejriwal рдиреЗ 250 рдХрд░реЛрдб рдХрд╛ рдкреНрд░реЛрдЬреЗрдХреНрдЯ 150 рдХрд░реЛрдб рдореЗрдВ рдкреВрд░рд╛ рдХрд░ рджрд┐рдЦрд╛рдпрд╛ https://t.co/m5HpcsmP6v https://t.co/KMтАж
10,RT @ManjoteSingh: рд╡реНрдпрдкрд╛рд░рд┐рдпреЛ рдХреА рдЖрд╡рд╛рдЬрд╝ рдпрд╣рд╛рдБ рддрдХ рддреЛ рдкрд╣реБрдБрдЪ рдЧрдпреА рдЙрдореНрдореАрдж рд╣реИ рд╕рд░рдХрд╛рд░ рддрдХ рднреА рдкрд╣реБрдБрдЪ рдЬрд╛рдпреЗрдЧреА @aartic02 рдмрдзрд╛рдИ рд╣реЛ рдХреБрдЫ рддреЛ рдореЗрд╣рдирдд рд╕рдлрд▓ рд╣реБрдИ https:тАж
11,"#news#aaj tak#india рджреЗрд╡рдЧреМрдбрд╝рд╛ рдиреЗ рдХрд┐рдпрд╛ рдорд╛рд▓реНрдпрд╛ рдХрд╛ рдмрдЪрд╛рд╡, рдмреЛрд▓реЗ- рд╡рд╣ рдХрд░реНрдирд╛рдЯрдХ рдХрд╛ рд╕рдкреВрдд https://t.co/ImHbrp3qRX"
12,#news#aaj tak#india рдЬрд┐рдВрдмрд╛рдмреНрд╡реЗ рдкрд░ рдмрдбрд╝реА рдЬреАрдд рд╕реЗ рдЕрдлрдЧрд╛рдирд┐рд╕реНрддрд╛рди рд╕реБрдкрд░ 10 рдореЗрдВ https://t.co/sFCJLfDPDP
13,"RT @ZeeNewsHindi: T20 рд╡рд░реНрд▓реНрдб рдХрдк: рджреНрд░рд╡рд┐рдбрд╝ рдХреЛ рдСрд▓рд░рд╛рдЙрдВрдбрд░реНрд╕ рдкрд░ рд╣реИ рд╡рд┐рд╢реНрд╡рд╛рд╕, рдХрд╣рд╛- рднрд╛рд░рдд рд╕реЗрдореАрдлрд╛рдЗрдирд▓ рддрдХ рдЬрд░реБрд░ рдкрд╣реБрдВрдЪреЗрдЧрд╛ https://t.co/YLf8Is1jc8 https://тАж"
14,RT @aajtak: рддрд╕реНрд╡реАрд░реЛрдВ рдореЗрдВ рджреЗрдЦреЗрдВ...рджрд┐рд▓реНрд▓реА рдореЗреЗрдВ Big B рдиреЗ рд▓рд┐рдпрд╛ 'рдмреЗрдлрд┐рдХреНрд░реА' рдХрд╛ рдордЬрд╛... https://t.co/qvS3BmJRwP
15,RT @DeolaYadav: рдмрд┐рд╣рд╛рд░ рдЪреБрдирд╛рд╡реЛрдВ рдореЗрдВ рдмрд┐рдЬрд▓реА рдХреЛ рд▓реЗрдХрд░ рдХреЛрд╕рдиреЗ рд╡рд╛рд▓реЗ рдкреАрдПрдо рдореЛрджреА рдиреЗ рдмрд┐рдЬрд▓реА рдХреЗ рд▓рд┐рдП рд╣реА рдиреАрддреАрд╢ рдХреЛ рджреА рдмрдзрд╛рдИ https://t.co/kftnx6ZWW0 via @NDTVIтАж
16,Elie рдкреВрд░реА рддрд░рд╣ рд╕реЗ рд╣рд┐рдиреНрджреА рдХрд╛ рд╕рдорд░реНрдерди рдХрд░рддрд╛ рд╣реИ! #eliecam https://t.co/2isImiAeeF
17,рдЖрдИрд╕реАрд╕реА рдЯреА 20 : рдЬрд┐рдВрдмрд╛рдмреНрд╡реЗ рдкрд░ рдмрдбрд╝реА рдЬреАрдд рд╕реЗ рдЕрдлрдЧрд╛рдирд┐рд╕реНрддрд╛рди рд╕реБрдкрд░ 10 рдореЗрдВ https://t.co/ggxtLHf9V8
18,RT @DeolaYadav: рдмрд┐рд╣рд╛рд░ рдЪреБрдирд╛рд╡реЛрдВ рдореЗрдВ рдмрд┐рдЬрд▓реА рдХреЛ рд▓реЗрдХрд░ рдХреЛрд╕рдиреЗ рд╡рд╛рд▓реЗ рдкреАрдПрдо рдореЛрджреА рдиреЗ рдмрд┐рдЬрд▓реА рдХреЗ рд▓рд┐рдП рд╣реА рдиреАрддреАрд╢ рдХреЛ рджреА рдмрдзрд╛рдИ https://t.co/kftnx6ZWW0 via @NDTVIтАж
19,@timesofindia Times Of India рдмрд╣реБрдд рдЕрдЪреНрдЫрд╛ рдЕрдЦрдмрд╛рд░ рд╣реИ рдХрдЪреМрд░реА рдХрд╛ рдкреВрд░рд╛ рддреЗрд▓ рд╕реЛрдЦ рд▓реЗрддрд╛ рд╣реИ
20,RT @rashtrasevak: рдкреНрд░рдХрд╛рд╢рдордп рднрд╛рд░рдд рдХреА рдУрд░@PiyushGoyal https://t.co/XDYIh3rxbG
21,рдирдореЛ .... рдЦрд╝реБрд╢ рд╣реБрдЖ !! https://t.co/LDEF0mgRY8
22,RT @ZeeNewsHindi: рдЖрдИрд╕реАрд╕реА рдЯреА 20 : рдЬрд┐рдВрдмрд╛рдмреНрд╡реЗ рдкрд░ рдмрдбрд╝реА рдЬреАрдд рд╕реЗ рдЕрдлрдЧрд╛рдирд┐рд╕реНрддрд╛рди рд╕реБрдкрд░ 10 рдореЗрдВ https://t.co/ggxtLHf9V8
23,рдЖрдИрд╕реАрд╕реА рдЯреА 20 : рдЬрд┐рдВрдмрд╛рдмреНрд╡реЗ рдкрд░ рдмрдбрд╝реА рдЬреАрдд рд╕реЗ рдЕрдлрдЧрд╛рдирд┐рд╕реНрддрд╛рди рд╕реБрдкрд░ 10 рдореЗрдВ https://t.co/kTNpkzhtHX
24,рдмрд╛рд░рд┐рд╢ рд╕реЗ #рд░рд╛рдЬрдзрд╛рдиреА рдХрд╛ рдореМрд╕рдо рд╣реБрдЖ рд╕реБрд╣рд╛рд╡рдирд╛ https://t.co/ICcl4FtjZ0
25,рд╕реБрдкреНрд░рднрд╛рдд рдирдорд╕реНрддреЗ рдЬрдп рд╣рдиреБрдорд╛рди рдЬреА рдЬрдп рд╣рд┐рдВрдж рдЬрдп рд╢реНрд░реА рд░рд╛рдо
26,@aajtak рд╡реЗрд░реА рдЧреБрдб
27,@abhishektiwary7 @tivra123 рдХреЛрдЗ рдХреБрдЫ рднреА рдХрд╣реЗ рдирдореЛ рд╕рд░ рдХреЛрд╣реАрдиреБрд░ рд╣реАрд░реЛ рд╣реИрдВ рд╣рд┐рдиреНрджреВ рд╕реНрддрд╛рди рдХреЗред
28,@IBC24News рд╢рд╣реАрдж рдЬрд╡рд╛рдиреЛ рдХреЛ рд╢рдд рд╢рдд рдирдорди рдЬрдп рд╣рд┐рдиреНрдж
29,"RT @ZeeNewsHindi: рдкреАрдПрдо рдореЛрджреА рдиреЗ рдиреАрддреАрд╢ рдХреЗ рд╕рд╛рде рдордВрдЪ рдХрд┐рдпрд╛ рд╕рд╛рдЭрд╛, рдмреЛрд▓реЗ-рднрд╛рд░рдд рдХреА рдЙрдиреНрдирддрд┐ рдХреЗ рд▓рд┐рдП рдмрд┐рд╣рд╛рд░ рдХрд╛ рд╡рд┐рдХрд╛рд╕ рдЬрд░реВрд░реА https://t.co/SJDczLMaOg"
30,RT @bjpsamvad: рд░рд┐рдпрд▓ рдПрд╕реНрдЯреЗрдЯ рдирд┐рдпрдорди рд╡рд┐рдзреЗрдпрдХ рдХреЛ рд░рд╛рдЬреНрдпрд╕рднрд╛ рдХреА рдордВрдЬреВрд░реА. рдореЛрджреА рд╕рд░рдХрд╛рд░ рдХреА рдмрдбрд╝реА рдХрд╛рдордпрд╛рдмреА. рдЖрдо рдЖрджрдореА рдХреЛ рдорд┐рд▓реЗрдЧреА рд░рд╛рд╣рдд. #RealEstateBill https://тАж
31,RT @rajkumarAAP: @ani_news and @ArvindKejriwal рдиреЗ 250 рдХрд░реЛрдб рдХрд╛ рдкреНрд░реЛрдЬреЗрдХреНрдЯ 150 рдХрд░реЛрдб рдореЗрдВ рдкреВрд░рд╛ рдХрд░ рджрд┐рдЦрд╛рдпрд╛ https://t.co/m5HpcsmP6v https://t.co/KMтАж
32,"#India | #рднрд╛рд░рдд IMF рдЪреАрдл рдмреЛрд▓реАрдВ, рдмреБрд▓рдВрдж рд╣реИ рднрд╛рд░рдд рдХрд╛ рд╕рд┐рддрд╛рд░рд╛ https://t.co/MMmZj9V7Lu"
33,рдмрд╣реБрдд рд╣реА рдмрдврд╝рд┐рдпрд╛ рдХрд┐рдпреЗ рд╕рд░рдЬрд┐ редрдРрд╕рд╛ рдЕрдЧрд░ рд╣рд░ рдЬрдЧрд╣ рдкреЗ рд╣реЛ рддреЛрд╣ рдкреИрд╕рд╛рднреА рдмрдЪреЗрдЧрд╛ рдФрд░ рдмрдЪрд╛ рд╣реБрдЖ рдкреИрд╕рд╛ рдХрд╣реА рдФрд░ рдХрд╛рдо рдЖрдПрдЧрд╛ ред https://t.co/b6m2xB9tXJ
34,RT @ChiragMiglani9: @akshay_nepal @KapilBliing @RaviMadForAkki рд╣рдорд╛рд░рд╛ рд╕реБрдкрд░ рд╣рд┐рд░реЛ рдХреЗрд╡рд▓ @akshaykumar рд╕рд░ https://t.co/MLJтАж
35,рдХрд╛рд╢ рдРрд╕реЗ рд╣реА рдХреЗрдВрджреНрд░ рд╕рд░рдХрд╛рд░ @narendramodi рдФрд░ рд░рд╛рдЬреНрдп рд╕рд░рдХрд╛рд░ @NitishKumar рдорд┐рд▓рдХрд░ рдмрд┐рдирд╛ рд╣реЛрд╣рд▓реНрд▓рд╛ рдХреЗ рджреЗрд╢ рдХреЛ рдЙрдиреНрдирддрд┐ рдХреА рдУрд░ рд▓реЗ рдЬрд╛рдпреЗ! https://t.co/s7jTEoqCXB
36,"RT @iSiddhantSharma: #Hajipur рд╣рд╛рдЬреАрдкреБрд░ рдореЗрдВ рдЬреИрд╕реЗ рд╣реА @narendramodi рдЬреА рдордВрдЪ рдкрд░ рдЧрдП,рдирд┐рддреАрд╢ рдХреЗ рд╕рд╛рдордиреЗ рдореЛрджреА-рдореЛрджреА рдХрд╛ рдЬрд╝реЛрд░рджрд╛рд░ рдирд╛рд░рд╛ рд▓рдЧрдиреЗ рд▓рдЧрд╛тШ║ рдЬрдп рд╣реЛ htтАж"
37,RT @rajkumarAAP: @ani_news and @ArvindKejriwal рдиреЗ 250 рдХрд░реЛрдб рдХрд╛ рдкреНрд░реЛрдЬреЗрдХреНрдЯ 150 рдХрд░реЛрдб рдореЗрдВ рдкреВрд░рд╛ рдХрд░ рджрд┐рдЦрд╛рдпрд╛ https://t.co/m5HpcsmP6v https://t.co/KMтАж
38,RT @abpnewshindi: ...рдЬрдм рдореЛрджреА рдФрд░ рдиреАрддреАрд╢ рджреЛрдиреЛрдВ рдиреЗ рджрд┐рдЦрд╛рдпрд╛ рдмрдбрд╝рдкреНрдкрди! https://t.co/usfHZhN5Lb https://t.co/UhmJhAtaEJ
39,#Trust_Me .. рдореИрдВ #рдореБрдБрд╣ #рддреЛрдбрд╝ рд╕рдХрддрд╛ рд╣реВрдБ рдордЧрд░ рдХрд┐рд╕реА рдХрд╛ #рджрд┐рд▓ рдирд╣реА тШЖтШЕтШЖ тШЕтШЖтШЕтШЖ https://t.co/6iDVO1myhw
40,рддреЛ рдЕрдм рд╡рд┐рдХрд╛рд╕ рд▓рд╛рдирд╛ рд╣реИ рддреЛ рдХрд╛рдВрдЧреНрд░реЗрд╕ рдХреЛ рдореМрдХрд╛ рджреЗ рдФрд░ рдЕрдкрдиреЗ рд░рд╛рдЬреНрдп рдХреЛ рд╡рд┐рдХрд╛рд╕ рдХрд╛ рдореЙрдбрд▓ рдмрдирд╛рдП рдФрд░ рдЕрдкрдиреЗ рдкреНрд░рджреЗрд╢ рдХреЛ рдЦреБрд╢рд╣рд╛рд▓ рдмрдирд╛рдП 2/2 @Myth_busterz @OfficeOfRG
41,"@Gurmeetramrahim рд╣рд░ рдмрд╛рдд рддреБрдЭрд╕реЗ рд╣реЛ, рд╣рд░ рдпрд╛рдж рддреБрдЭрд╕реЗ рд╣реЛ., рд▓рд┐рдЦреВрдВ рдореИрдВ рдЬрдм рднреА рдЬреЛ рдХреБрдЫ рднреА, рдЙрд╕рдореЗрдВ рдмрд╕ рддреВ рд╣реА рддреВ рдмрд╕ рд╣реЛ!! #MSGProducts4U."
42,@NautankiNinja :) :) <3 рд╕реБрдкрд░ рдХреЗрдкреНрд╢рди
43,@MangalKumawat рдЬрдп рд╣рд┐рдВрдж рдЬрдп рднрд╛рд░рдд https://t.co/KMKSzgoBVR
44,@Gurmeetramrahim @MSGAllTrading рджреВрд░ рд░рд╣ рдХрд░ рднреА рдЬреЛ рд╕рдорд╛рдпрд╛ рд╣реИ рдореЗрд░реА рд░реВрд╣ рдореЗрдВ рдкрд╛рд╕ рд╡рд╛рд▓реЛрдВ рдкрд░ рд╡реЛ рд╢рдЦрд╝реНрд╕ рдХрд┐рддрдирд╛ рдЕрд╕рд░ рд░рдЦрддрд╛ рд╣реЛрдЧрд╛ #MSGProducts4U.
45,@Gurmeetramrahim рдореЗрд░реЗ рдореМрд▓рд╛ рджреБрдирд┐рдпрд╛рдВ рдХреЛ рд╕реБрдзрд╛рд░рдиреЗ рдХрд╛ рддреВрдиреЗ рдХреНрдпрд╛ рдЕрдиреЛрдЦрд╛ рдврдВрдЧ рдирд┐рдХрд╛рд▓рд╛ рд╣реИ рдЕрдм рддреЛ рд▓рдЧрддрд╛ рд╣реИ рдЬрд▓реНрджреА рд╣реА рд╕рддрдпреБрдЧ рдЖрдиреЗ рд╡рд╛рд▓рд╛ рд╣реИ. #MSGProducts4U.
46,@Gurmeetramrahim @MSGAllTrading рд╢реБрджреНрдз рдЦрд╛рдирд╛ рд╢реБрджреНрдз рдкреАрдирд╛ рд╢реБрджреНрдзрддрд╛ рдХрд╛ рд╣реА рдЬрдорд╛рдирд╛ рд╣реИ  рдЗрд╕ рд╢реБрджреНрдзрддрд╛ рдХреА рд╡рдЬрд╣ рд╕реЗ рд╣реА MSG рдХрд╛ рджреАрд╡рд╛рдирд╛ рд╣реИ #MSGProducts4U.
47,@apkajitanram рд╢реБрдХреНрд░рд┐рдпрд╛ рдорд╛рд▓рд┐рдХ <3
48,рддреБрдо рднреА рдЕрдЪреНрдЫреЗ тАж рддреБрдореНрд╣рд╛рд░реА рд╡реЮрд╛ рднреА рдЕрдЪреНрдЫреА...!!
49,#MSG2in500CrClub MSG рдлреВрд▓ рдмрд╛рдЧ рд╕рдЬрд╛ рджреЗрддрд╛ рд╣реИ рд╕рд┐рддрд╛рд░рд╛ рд╕рдВрд╕рд╛рд░ рдЪрдордХрд╛ рджреЗрддрд╛ рд╣реИ рдЬрд╣рд╛рдБ рджреБрдирд┐рдпрд╛ рднрд░рдХреЗ рд░рд┐рд╢реНрддреЗ рдХрд╛рдо рдирд╣реА рдЖрддреЗ рд╕рддрдЧреБрд░реВ рдЬрд╝рд┐рдиреНрджрдЧреА рдмрдирд╛ рджреЗрддрд╛ рд╣реИ.
50,рд░рд┐рдХрд╛рд░реНрдбреЛрдВ рдХреЗ рдмрд╛рджрд╢рд╛рд╣ DR.MSG рдХреА рдореБрд╡реА MSG 2 the рдореИрд╕реЗрдВрдЬрд░ рдиреЗ рд╕рдмрдХреЛ рдкрдЫрд╛рдбрд╝рддреЗ рд╣реБрдП 500 рдХрд░реЛрдбрд╝ рдХрд╛ рдмрд┐рдЬрдиреЗрд╕ рдХрд░ рд▓рд┐рдпрд╛ рд╣реИ
51,@upwalebhaiji рдЗрд╕реА рдореЗрдВ рддреЛ рдордЬрд╝рд╛ рд╣реИ рдпрд╛рд░рд╛ ЁЯШК рдлрдХреНрд░ рд╣реИ
52, рд╡реЛ рддреЛ рдорд▓реНрд▓рд┐рдХрд╛-рдП-рдЬрд╝рд┐рдиреНрджрдЧреА рд╣реИ рдореЗрд░реА ЁЯШКЁЯШК
53,@why_russ thnx рдХреЗ рд▓рд┐рдП рдХрд┐рд╕реА рдХреЛ nyc dp рдирд╣реАрдВ рдмреЛрд▓рддрд╛ рд╡реИрд╕реЗ рд╡реЛ рд╕реЗрд▓реНрдлрд╝реА рдХрд┐рд╕рдореЗ рдЧреЙрдЧрд▓реНрд╕ рдореЗрдВ рд╕реНрдХреВрдЯрд░ рджрд┐рдЦ рд░рд╣рд╛ рдерд╛ рдЧрдЬрд╝рдм рдХреА рдереА
54,@silkeesbhatt @The_KingOnion рдЬреБрдЧ рдЬреБрдЧ рдЬрд┐рдпреЛ рджреВрдзреЛ рдирд╣рд╛рдУ рдкреВрддреЛ рдлрд▓реЛ
55,рдмрд┐рд╣рд╛рд░реА рд▓реЛрдЧ рдЖрдкрдХреА рднрд╛рд╖рд╛ рдирд╣реАрдВ рд╕рдордЭрддреЗ @narendramodi рдЬреАред https://t.co/AdixpnG4Ec
56,рдкрдврд╝реЗрдВ рдФрд░ рдорд┐рддреНрд░реЛрдВ рдХреЗ рд╕рд╛рде рд╢реЗрдпрд░ рдХрд░реЗрдВ #India #hastakshep https://t.co/Ed7Xc5S0wO
57,@IndianExpress https://t.co/LM4BP295UU рдЗрд╕рдХреЗ рдмрд╛рд░реЗ рдореИрдВ рдХреБрдЫ рдХрд╣реЗрдВрдЧреЗ рдЧреБрдкреНрддрд╛ рдЬреА рдФрд░ рдЭрд╛ рд╕рд╛рд╣рдм
58,рдкрд░рд┐рд╡рд╛рд░ рдХреЗ рдмрд╛рд╣рд░ рдЬрд╛рдПрдЧреА рдкрдВрдЬрд╛рдм рдХреА рд░рд╛рдЬрдиреАрддрд┐? https://t.co/2gpF4gGNm8
59,RT @canikhilesh: рдЬрдмрд╕реЗ рдореЗрдХ рдЗрди рдЗрдВрдбрд┐рдпрд╛ (Make In India) рдХрд╛ рдирд╛рд░рд╛ рд▓рдЧрд╛ рд╣реИ . . рджреЗрд╢ рдХреЗ рджреБрд╢реНрдорди рднреА рджреЗрд╢ рдореЗрдВ рд╣реА рдмрдирдиреЗ рд▓рдЧреЗ рд╣реИ.........
60,RT @rajachampion24: Digital India рд╕реЗ рдЬреБрдбрд╝рд┐рдП рдЕрдм RS 15000-25000/рдорд╣реАрдирд╛ рдХрдорд╛рдпреЗрдВ. 
61,RT @SatyagrahNews: рдЖрдк рджрд┐рд▓реНрд▓реА-рдПрдирд╕реАрдЖрд░ рдореЗрдВ рд░рд╣рддреЗ рд╣реИрдВ рддреЛ рдЗрд╕ рд╡реАрдХреЗрдВрдб рдореЙрд▓ рдШреВрдордиреЗ рдпрд╛ рдлрд┐рд▓реНрдо рджреЗрдЦрдиреЗ рдХреЗ рдмрдЬрд╛рдп рдпрд╣ рднреА рдХрд░ рд╕рдХрддреЗ рд╣реИрдВ https://t.co/SBNnfCvsjP viтАж
62,"RT @ZeeNewsHindi: рдкреАрдПрдо рдореЛрджреА рдиреЗ рдиреАрддреАрд╢ рдХреЗ рд╕рд╛рде рдордВрдЪ рдХрд┐рдпрд╛ рд╕рд╛рдЭрд╛, рдмреЛрд▓реЗ-рднрд╛рд░рдд рдХреА рдЙрдиреНрдирддрд┐ рдХреЗ рд▓рд┐рдП рдмрд┐рд╣рд╛рд░ рдХрд╛ рд╡рд┐рдХрд╛рд╕ рдЬрд░реВрд░реА https://t.co/SJDczLMaOg"
63,RT @MadhavK88: рдЕрдм рдмреИрдВрдХреЛрдВ рдХрд╛ рдХрд░реНрдЬ рдирд╣реАрдВ рдЪреБрдХрд╛рдиреЗ рд╡рд╛рд▓реЗ рдмрд╛рдЬрд╛рд░ рд╕реЗ рдирд╣реАрдВ рд▓реЗ рдкрд╛рдПрдВрдЧреЗ рдзрди... https://t.co/DU2Un7dz49 https://t.co/1keejHjvvZ
64,RT @saveratimes: #Delhi #SriSriRaviShankar рдХреЗ рдХрд╛рд░реНрдпрдХреНрд░рдо рдХреЗ рд▓рд┐рдП AAP рд╕рд░рдХрд╛рд░ рдиреЗ рдорд╛рдВрдЧреА рдереА рд╕реЗрдирд╛ рдХреА рдорджрдж https://t.co/6L3x0NpR3w https://t.co/h8VipтАж
65,"рдЗрди #PHOTOS рдиреЗ рдордЪрд╛рдпрд╛ рдерд╛ рджреБрдирд┐рдпрд╛ рдореЗрдВ рдмрд╡рд╛рд▓, рдЬрд╛рдирд┐рдП рдХреИрд╕реА рд╣реИ #рдорд╛рд▓реНрдпрд╛ рдХреА #LIFE - https://t.co/55ukQv5gSH #VijayMallya #India https://t.co/6y9qZPlDEk"
66,"RT @oneindiaHindi: рдЕрдм рдПрдХ SMS рдкрд░ рдлреМрд░рди рд╕рд╛рдл рд╣реЛрдЧрд╛ рдЖрдкрдХреЗ рдЯреНрд░реЗрди рдХрд╛ рдХреЛрдЪ, рд▓реЙрдиреНрдЪ рд╣реБрдИ 'рдХреНрд▓реАрди рдорд╛рдИ рдХреЛрдЪ' рд╕реЗрд╡рд╛ https://t.co/MAVH7tWvtm #Railway"
67,рдПрдмреАрдкреА рдиреНрдпреВрдЬ рдкрд░ рджрд┐рдирднрд░ рдХреА рдмрдбрд╝реА рдЦрдмрд░реЗрдВhttps://t.co/uwhY3SSqdC
68,RT @saveratimes: #Delhi #Automobile рдлреЛрд░реНрдб рдЗрдВрдбрд┐рдпрд╛ рдиреЗ рдИрдХреЛрд╕реНрдкреЛрд░реНрдЯ рдХреА рдХреАрдордд 1.12 рд▓рд╛рдЦ рд░реБрдкрдпреЗ рддрдХ рдШрдЯрд╛рдИ https://t.co/hwK8BEtqDf https://t.co/klOWTBWnтАж
69,RT @Banarasi_Hindu: #рдлреИрди рдЗрд╕реА рднреА рджреВрд╕рд░реЗ рджрд┐рди рдбрд╛рдЙрдирд▓реЛрдб рдХрд░рдХреЗ рджреЗрдЦреВрдВрдЧрд╛ ! @iYashwant @krishnpria https://tтАж
70,рд╣рд╛рдИ рдХреЛрд░реНрдЯ рдиреЗ рдбреАрдИрдЖрд░рд╕реА рдХреЗ рдЕрдзреНрдпрдХреНрд╖ рдХреА рдирд┐рдпреБрдХреНрддрд┐ рдкрд░ рдорд╛рдВрдЧрд╛ рдЬрд╡рд╛рдм https://t.co/onF7qIrUg7
71,рдорд╛рд▓реНрдпрд╛ рдХреЗ рджреЗрд╢ рд╕реЗ рдмрд╛рд╣рд░ рдЬрд╛рдиреЗ рдкрд░ рдкреНрд░рдзрд╛рдирдордВрддреНрд░реА рдХреЛ ''рд╕реНрдкрд╖реНрдЯреАрдХрд░рдг'' рджреЗрдирд╛ рдЪрд╛рд╣рд┐рдП : рдХреЗрдЬрд░реАрд╡рд╛рд▓ - ABP News https://t.co/poGcL17h6H #India
72,@AAPVind @500Urvashi @MediaVsIndia @Maddy_Saheb @farziRastravadi рдКрдбрд╝рд╛ рд░реЛрдХрд╛ рдХреЛрди рд╣реИ
73,@SriSri рдЦреБрд▓реЗ рдЖрдо рджреЗрд╢ рдХреЗ рдХрд╛рдиреВрди рд╡реНрдпрд╡рд╕реНрдерд╛ рдХреЛ рдЪреЗрд▓реЗрдЬрдВ рдХрд░ рд░рд╣реЗ рд╣реИ рдЕрдЧрд░ рдпрд╣реА рд╢рдмреНрдж рдЖрдЬрдо рдЦрд╛рди рдиреЗ рдмреЛрд▓ рджрд┐рдпрд╛ рд╣реЛрддрд╛ рддреЛ рдХреНрдпрд╛ рд╣реЛрддрд╛? рдореЛрджреА рд╕рдВрд╕рдж рдореИ #ModiSingsOoLaLa
74,рдЕрдм рддрдХ рд╕рд░рдХрд╛рд░реЛ рдиреЗ рдЙрдШреЛрдЧрдкрддрд┐рдУ рдХреЗ рдЪрд╛рд░ рд▓рд╛рдЦ рдХрд░реЛрдб рдорд╛рдл рдХрд┐рдП рд╣реИред рднрд╛рд░рдд рдХреЗ рд╕рднреА рдХрд┐рд╕рд╛рдиреЛрдВ рдХрд╛ рдХрдЬреЕ рд╕рд░рдХрд╛рд░ рдХреЛ рдорд╛рдл рдХрд░ рджреЗрджреЗрдирд╛ рдЪрд╛рд╣рд┐рдПред
75,RT @ZeeNewsHindi: рдореИрдЪ рдЬреАрддрдиреЗ рдХреЗ рдмрд╛рдж рдПрдордПрд╕ рдзреЛрдиреА рдХреНрдпреЛрдВ рдЙрдЦрд╛рдбрд╝ рд▓рд╛рддреЗ рд╣реИрдВ рд╕реНрдЯрдВрдк ! https://t.co/8OAZUVqIkj
76,рднрд╛рд░рдд-рдкрд╛рдХ рдореИрдЪ рдЯрд┐рдХрдЯреЛрдВ рдХрд╛ рдСрдирд▓рд╛рдЗрди рдкрдВрдЬреАрдХрд░рдг 12 рдорд╛рд░реНрдЪ рд╕реЗ рд╢реБрд░реВ https://t.co/OM6ajFOixZ
77,RT @TWlTTER_Manish: рдЬрд▓реНрдж рд╣реА рджрд┐рд▓реНрд▓реА рд╕рд░рдХрд╛рд░ рджрд┐рд▓реНрд▓реА рдХреЛ рдЕрд▓рдЧ рджреЗрд╢ рднреА рдШреЛрд╖рд┐рдд рдХрд░ рджреЗрдЧреАред https://t.co/oCPoeATdW6
78,RT @prabin1206: рдХреЗрдЬрд░реВ CBI рдореЛрджреА рд░рд╛рдЬ рдореЗрдВ рд╣реА рд╕рд┐рд░реНрдл PM рдХреА рдмрд╛рдд рдорд╛рдирддреА рд╣реИ рддреЛ рдХрд╛рдВрдЧреНрд░реЗрд╕ рд░рд╛рдЬ рдореЗрдВ рд╕рд┐рд░реНрдл рд╕реЛрдирд┐рдпрд╛ рдЕрдореНрдорд╛ рдХреА рд╣реА рдмрд╛рдд рдорд╛рдирддреА рдереА рдХреНрдпрд╛ ? https:/тАж
79,"рджрд┐рд▓реНрд▓реА рдореЗрдВ рддреЗрдЬрд╝ рдмрд╛рд░рд┐рд╢ рдХреЗ рд╕рд╛рде рдУрд▓реЗ, рдЯреНрд░реИрдлрд┐рдХ рдЬрд╛рдо рд╣рд╛рдИрд╡реЗ рдкреЗ, #delhi #rain"
80,"рдиреАрддреАрд╢ рдиреЗ рдореЛрджреА рд╕реЗ рдХрд╣рд╛-рдмрд┐рд╣рд╛рд░ рдЖрддреЗ рд░рд╣рд┐рдП, рдкреАрдПрдо рдиреЗ рдирд╛рд░реЗ рд▓рдЧрд╛ рднреАрдбрд╝ рдХреЛ рд╢рд╛рдВрдд рдХрд░рд╛рдпрд╛ - Zee News рд╣рд┐рдиреНрджреА https://t.co/poGcL17h6H #India"
81,RT @nitindevss: рдХреЛрдИ рдЗрд╕рдХреЛ freedom251 рд▓рд╛ рдХреЗ рджреЛ рд░реЗ....... https://t.co/deb15xwVl0
82,RT @ZeeNewsHindi: рдореИрдВ рдкреНрд░рдзрд╛рдирдордВрддреНрд░реА рдХрд╛ рдЪрдордЪрд╛ рдХрд╣реЗ рдЬрд╛рдиреЗ рдХреА рдкрд░рд╡рд╛рд╣ рдирд╣реАрдВ рдХрд░рддрд╛ : рдЦреЗрд░ https://t.co/FZfbWsFlPG
83,RT @sidhantjain15: @ANI_news ye Delhi nahi hai na ji
84,@Nirmalogy рдмрддрд╛ рдХрд┐рд╕реЗ рд╕рд┐рд╕рд┐рдпрд╛ рджреВрдВ
85,@anpadh00 BC рдмреЗрд▓рди рдХреА рдпрд╛рдж рдХрд╛рд╣реЗ рджрд┐рд▓рд╛рддрд╛ рд╣реИ рдмрд╛рд░ рдмрд╛рд░ 
86,@soninikita рдореИрдВ рд╣реВрдБ рдирд╛ ...  рдирд┐рдореНрдмреВ рдорд┐рд░реНрдЪреА рдЬреИрд╕рд╛
87,@PPBhaishri ...рд╡рд┐рд╢реНрд╡рдЧреБрд░реБрд╡реЗ рдирдо:редрдХреГрд╖реНрдгрдореН рд╡рдВрджреЗ рдЬрдЧрддрдЧреБрд░реБрдореНредрдЬрдпрд╢реНрд░реАрдХреГрд╖реНрдгрее https://t.co/rsUGpbWe4I
88,"рдЖ рдЬрд╛рдУ рдпрд╛рд░реЛрдВ , рдореЗрд░реЗ рд╣рд╛рдереЛрдВ рд╕реЗ рдмрдиреА рдкрд╛рд╡ рднрд╛рдЬреА  https://t.co/mxH3Vacrls"
89,@SciLeNtSoUl рдЙрд╕рдХреЗ рд╕рд╛рде рд╣реЛрддрд╛ рд╣реВрдБ рддрднреА рдЬрдБрдЪрддрд╛ рд╣реВрдБ 
90,@why_russ  рд╣рд░ рд╕рдиреНрдбреЗ рдЙрд╕рдХреА рдлрд░рдорд╛рдЗрд╢ рдХреА рдЪреАрдЬрд╝ рдмрдирд╛рддрд╛ рд╣реВрдБ *рдЬреЛ рдореБрдЬрдХреЛ рдЖрддреА рд╣реЛ*
91,@deepfeelingssss рдзреНрдпрд╛рди рд░рдЦрд┐рдпреЛ рдХрднреА рдХрднреА рдзрд╛рд░ рд▓рд┐рдЦрдиреЗ рд╡рд╛рд▓реЗ рдкрд░ рднреА рдбрд╛рд▓ рджреЗрддрд╛ рд╣реИ
92,@silkeesbhatt рддрднреА рддреЛ рдХрд┐рдпрд╛ рдЙрд╕рдХреЛ рднреА рдкрддрд╛ рд╣реЛрдирд╛ рдЪрд╛рд╣рд┐рдП рдкреАрда рдкреАрдЫреЗ рдШрд░рд╡рд╛рд▓реА рдХреНрдпрд╛ рдХреНрдпрд╛ рдХрд░ рд░рд╣реА рд╣реИ @The_KingOnion
93,рдХреГрдкрдпрд╛ рдЖрдк рдЕрдкрдиреЗ рд╡рд╛рд╣рди рд╕реЗ рдпрд╛рддреНрд░рд╛ рдХрд░ рд░рд╣реЗ рд╣реИрдВ рддреЛ рд╕рдбрд╝рдХ рдкрд░ рдирд┐рд░реНрдзрд╛рд░рд┐рдд рдЧрддрд┐-рд╕реАрдорд╛ рдХрд╛ рднреА рдзреНтАНрдпрд╛рди рд░рдЦреЗрдВ ред рдирд┐рд░реНрдзрд╛рд░рд┐рдд рдЧрддрд┐-рд╕реАрдорд╛ рд╕реЗ рдЕрдзрд┐рдХ рддреЗрдЬ рдЕрдкрдиреЗ рд╡рд╛рд╣рди рдХреЛ рди рдЪрд▓рд╛рдпреЗрдВ ред
94,"рдЙ0рдкреНрд░0 рдпрд╛рддрд╛рдпрд╛рдд рдкреБрд▓рд┐рд╕ рдХреА тАШрдЬрд┐рдореНрдореЗрджрд╛рд░ рдирд╛рдЧрд░рд┐рдХтАЩ рдкрд╣рд▓ рдореЗрдВ рд╢рд╛рдорд┐рд▓ рд╣реЛрдиреЗ рдХреЗ рд▓рд┐рдП рдЖрдк рдЖрдордВрддреНрд░рд┐рдд рд╣реИрдВ ред
рдЗрд╕ рдкрд╣рд▓ рдореЗрдВ рд╢рд╛рдорд┐рд▓ рд╣реЛрдиреЗ рдХреЗ рд▓рд┐рдП рдЖрдк рдЕрдкрдиреЗ рдЖрдк рд╕реЗ рд╡рд╛рджрд╛ рдХрд░реЗрдВ рдХрд┐ рд╕рдбрд╝рдХреЛрдВ рд╡ рд╕рд╛рд░реНрд╡рдЬрдирд┐рдХ рд╕реНтАНрдерд╛рдиреЛрдВ рдкрд░ рдХреВрдбрд╝рд╛ рдирд╣реАрдВ рдлреЗрдХреЗрдВрдЧреЗред
рдореИрдВ рдПрдХ тАк#тАОрдЬрд┐рдореНтАмтАНрдореЗрджрд╛рд░рдирд╛рдЧрд░рд┐рдХ рд╣реВрдБ ред"
95,"RT @DainikBhaskar: рдЕрдм рдЖрдо рдЖрджрдореА рдХреЛ рдорд┐рд▓реЗрдЧреА рдЬреЗрд▓ рдХреА рдЪрд╛рдп, рдХреИрджрд┐рдпреЛрдВ рдиреЗ рд╢реБрд░реВ рдХрд┐рдпрд╛ рд╕реНрдЯрд╛рд░реНрдЯрдЕрдк https://t.co/AqWqFmDQov https://t.co/7PyW3BfYrz"
96,@Nirmalogy рдмрд╕ рдпрд╣реА рдХрд╛рдлреА рд╣реИ рдЙрд╕рдХрд╛ рд╕рд╛рде рдкрд╛рдиреЗ рдХреЗ рд▓рд┐рдП
97,рд╕рд┐рдВрдзреА рдХреЗ рдШрд░ рдПрдХ рдмрд╛рд░ рдорд╛рд░рд╡рд╛рдбрд╝реА рдЧрдпрд╛ред рд╕рд┐рдВрдзреА - рдЪрд╛рдп рдореЗрдВ рд╢рдХреНрдХрд░ рдХрд┐рддрдиреА рд▓реЗрдЧрд╛ рдмрд╛рдмрд╛ рдорд╛рд░рд╡рд╛рдбрд╝реА - рд╣реЛрдЯрд▓ рдореЗрдВ 3 рдЪрдореНрдордЪ рджреВрд╕рд░реЗ рдХреЗ рдШрд░ рдореЗрдВ 2 рдЪрдореНрдордЪ
98,@DharmeshASampat рдЪрд░реНрдЪрд╛ рдЪрд╛рдп рдХреЗ рд╕рд╛рде рддрдкрд░рд┐ рдкреЗ
99,"RT @InduKumari1: @sukhvirgarcha рдпрд╣ рдЙрди рдореЗрд╣рдорд╛рдиреЛ рдХреЗ рд▓рд┐рдП, рдЬреЛ рд╣рд░ рдмрд╛рд░ рдЖрдзрд╛ рдХрдк рдЪрд╛рдп рдкреАрдиреЗ рдХреА рдЗрдЪреНрдЫрд╛ рд░рдЦрддреЗ рд╣реИред https://t.co/psQETDoVQw"
100,"рдирд╛ рдкреВрдЫреЛ рдЬрдорд╛рдиреЗ рдХреЛ рдХреА рдХреНрдпрд╛ рд╣рдорд╛рд░реА рдХрд╣рд╛рдиреА рд╣реИ....., . . . рд╣рдорд╛рд░реА рдкрд╣рдЪрд╛рди рддреЛ рд╕рд┐рд░реНрдл рдпреЗ рд╣реИ рдХреА рд╣рдо #рд╣рд┐рдиреНрджреВрд╕реНрддрд╛рдиреА рд╣реИ.....!! @akshaykumar @AnupamPkher"
101,@ArvindKejriwal рд╢реНрд░реА рд╢реНрд░реА рдЬреА рдХреЗ рдкреНрд░реЛрдЧреНрд░рд╛рдо рдореЗ рджрд░реНрд╢рди рджреЗ рдЖрддреЗ рдЖрдк рднреА рдЗрд╕ рдХрд╛рд░реНрдпрдХреНрд░рдо рдореЗ рд╕рднреА рдзрд░реНрдореЛ рдХреЗ рд▓реЛрдЧ рдЖрдпреЗ рд╣реИрдВ рдпрд╣ рддрдХ рдкрд╛рдХрд┐рд╕реНрддрд╛рди рд╕реЗ рднреА рдЖрдП рд╣реБрдП рд╣реИрдВ !!
102,RT @chandan_sh: рдЬрдм рджреЛ рдХреМрдбрд╝реА рдХреЗ рд▓реЛрдЧ рднреА рдкреНрд░рдзрд╛рдирдордВрддреНрд░реА рдкрд░ рдЧрдиреНрджреА рдХрдЯрд╛рдХреНрд╖ рдХрд░реЗрдВ рддреЛ рдлрд┐рд░ рдЖрдк рдпреЗ рдирд╣реАрдВ рдХрд╣ рд╕рдХрддреЗ рдХреА рджреЗрд╢ рдореЗрдВ рдЕрд╕рд╣рд┐рд╖реНрдгреБрддрд╛ рд╣реИред https://t.co/Y0тАж
103,"RT @newsflickshindi: рд╣рдо рдореЗрдХ рдЗрди рдЗрдВрдбрд┐рдпрд╛ рдХрд╛ рджрдВрдн рднрд░рддреЗ рд╣реИрдВ, рд▓реЗрдХрд┐рди рдЕрдкрдиреЗ рдЬреНтАНрд╝рдпрд╛рджрд╛рддрд░ рд╣рдерд┐рдпрд╛рд░ рдмрд╛рд╣рд░ рд╕реЗ рдордВрдЧрд╛рддреЗ рд╣реИрдВ..https://t.co/yZLHJlsH6Z https://t.cтАж"
104,"RT @khushi2434: рд▓рдЧрддрд╛ рд╣реИ ""рд╡рд┐рдЬрдп рдорд╛рд▓реНрдпрд╛"" рдХрд╛ рдЯреНрд╡реАрдЯ рдЕрдм рдЕрд╕рд░ рдХрд░рдиреЗ рд▓рдЧрд╛ рд╣реИ рдХреБрдЫ рд▓реЛрдЧреЛ рдХреЛ рдЕрдм рдорд┐рд░реНрдЪреА рд▓рдЧрдиреЗ рд▓рдЧреА рд╣реИ  https://t.co/q1Doo4yeZm"
105,RT @HindKhabar: @narendramodi рдХреЗ рдХрд╛рд░реНрдпрдХреНрд░рдо рдХреЗ 25 рдкрд╛рд╕ рдЧрд╛рдпрдм рд╣реЛрдиреЗ рд╕реЗ рдордЪрд╛ рд╣рдбрдХрдВрдк https://t.co/34kAajgPFh #BJP #India https://t.co/FdqHCsz08e
106,#рд▓реБрдХрдЖрдЙрдЯ рдиреЛрдЯрд┐рд╕ рдХреЛ рдордЬрд╛рдХ рдмрдирд╛ рд░рд╣реА рд╣реИ #рдореЛрджреА рд╕рд░рдХрд╛рд░ https://t.co/Cg2SdQRrGo https://t.co/qgOBJbvg3d
107,"RT @rajans0208: @narendramodi RA GA-рдордореНрдореА рдореЗ рдкрдкреНрдкреВ рдерд╛ рдЖрдк рднреА рдкрдкреНрдкреВ рд╣реЛ рдЧрдИ,рдЖрдкрдиреЗ рдореБрдЭреЗ рд╣реИрджрд░рд╛рдмрд╛рдж-JNU рдЬрд╛рдиреЗ рд╕реЗ рдХреНрдпреЗ рдирд╣реА рд░реЛрдХрд╛,Aunty India @smritiiraтАж"
108,"рдХрд╡рд┐рддрд╛ ""рдмрдХрд╡рд╛рд╕"" plz #DNA #Talthokke @sudhirchaudhary @ZeeNews @sudhirchaudhary @sardanarohit @aditi_tyagi @Mimansa_Zee https://t.co/waZ5Fuzzuf"
109,RT @rajans0208: @narendramcdi @Ajit_Dobhal V don't need JNUs in India But BHUs рдЬрд╣рд╛рдБ рдЫрд╛рддреНрд░ рдХреЛ рдпреЛрдЧреА рдмрдирд╛рдпрд╛ рдЬрд╛рдП рди рдХреА рднреЛрдЧреА рдиреЗрд╣рд░реВ рдиреЗ рд╣рдореЗ рднрд┐рдЦрд╛рд░реА рдмтАж
110,@PrabhuChawla рдЬрдмрд╕реЗ рдореЗрдХ рдЗрди рдЗрдВрдбрд┐рдпрд╛(Make In India) рдХрд╛ рдирд╛рд░рд╛ рд▓рдЧрд╛ рд╣реИ . . рджреЗрд╢ рдХреЗ рджреБрд╢реНрдорди рднреА рджреЗрд╢ рдореЗрдВ рд╣реА рдмрдирдиреЗ рд▓рдЧреЗ рд╣реИ......... :(
111,"RT @newsflickshindi: рд╣рдо рдореЗрдХ рдЗрди рдЗрдВрдбрд┐рдпрд╛ рдХрд╛ рджрдВрдн рднрд░рддреЗ рд╣реИрдВ, рд▓реЗрдХрд┐рди рдЕрдкрдиреЗ рдЬреНтАНрд╝рдпрд╛рджрд╛рддрд░ рд╣рдерд┐рдпрд╛рд░ рдмрд╛рд╣рд░ рд╕реЗ рдордВрдЧрд╛рддреЗ рд╣реИрдВ..https://t.co/yZLHJlsH6Z https://t.cтАж"
112,рдЖрдЬрд╝рд╛рдж рдЬреА рдЖрдкрдиреЗ рд╕рд┐рджреНрдз рдХрд░ рджрд┐рдпрд╛ рдХреА рдЖрдк рд╡рд╛рдХрдИ рдЧреБрд▓рд╛рдо рд╣реИ рдорд╛рдирд╕рд┐рдХрддрд╛ рд╕реЗ @OfficeOfRG @ZeeNews @TimesNow https://t.co/pFocdyOtCN
113,"RT @indiasamvadhind: рдорд┐рд▓рд┐рдП рдПрдХ рдФрд░ #VijayMallya рд╕реЗ, рдЬреЛ рдмреИрдВрдХреЛрдВ рдХреЗ рдврд╛рдИ рд╣рдЬрд╛рд░ рдХрд░реЛрдбрд╝ рд▓реЗрдХрд░ рд╣реБрдЖ рдЕрдВрдбрд░рдЧреНрд░рд╛рдЙрдВрдб #breaking #kailashagarwal https://t.coтАж"
114,"#news#aaj tak#india рдЗрдВрдлрд╛рд▓ рдореЗрдВ рджреЛ рдмрдо рдзрдорд╛рдХреЗ, рдПрдХ рдШрд╛рдпрд▓ https://t.co/MzVL3uIVWd"
115,"RT @BeingMSD: рдПрдХ рджрд▓рд┐рдд рдХреА рднреИрдВрд╕ рдмреАрдорд╛рд░ рд╣реИ рдФрд░ рдПрдХ рдЕрд▓реНрдкрд╕рдВрдЦреНрдпрдХ рдХреЛ рдЬрд╝реБрдХрд╛рдо рд╣реИ рдкрд╣рд▓реЗ рдЙрдирдХреА рд╕реБрдз рд▓реЗ рд▓реЗ, рд╕рдбрд╝рдХ рддреЛ рдмрд╛рдж рдореЗ рднреА рдмрди рдЬрд╛рдПрдЧреА https://t.co/nsrMkDCUтАж"
116,RT @indiatvnews: рдЫрддреНрддреАрд╕рдЧрдврд╝: рднрд╛рд▓реВ рдХреЗ рд╣рдорд▓реЗ рдореЗрдВ рдбрд┐рдкреНрдЯреА рд░реЗрдВрдЬрд░ рд╕рдореЗрдд 3 рдХреА рдореМрдд... https://t.co/nCeaBjuAEk https://t.co/NUJsBQBp9h
117,RT @abtwitts: рд▓реЛ рдХрд░ рд▓реЛ рдмрд╛рддред рдЖрдЬ рдХреА рдирд╛рд░реА рдХреА рдЕрд╕рд▓рд┐рдпрддред рдЗрдиреНрд╣реЗрдВ рдЪрд╛рд╣рд┐рдП рдкреБрд░реБрд╖реЛрдВрдХрд╛ рд╕рд┐рд░реНрдл рдкреИрд╕рд╛! рд╡рд╛рд╣ рд░реЗ рдЙрдкрд░рд╡рд╛рд▓реЗ рдмрдЪрд╛ рд▓реЗ рдкреБрд░реБрд╖реЛрдВрдХреЛ!! https://t.co/iF80GUfтАж
118,RT @ZeeNewsHindi: рдЬреИрд╕реЗ рдЖрд░рдПрд╕рдПрд╕ рдХрд╛ рд╡рд┐рд░реЛрдз рдХрд░рддреЗ рд╣реИрдВ рдЙрд╕реА рддрд░рд╣ рдЖрдИрдПрд╕рдЖрдИрдПрд╕ рдХрд╛ рд╡рд┐рд░реЛрдз рдХрд░рд┐рдП: рдЖрдЬрд╛рдж https://t.co/1jaGPXbOOR
119,RT @abpnewshindi: LIVE : рдЕрджрд╛рд▓рдд рдиреЗ рд╕рд╛рдорд╛рдиреНрдп рд▓реЛрдЧреЛрдВ рдХреЛ рдордЬрдмреВрдж рдмрдирд╛рдпрд╛ рд╣реИ  @narendramodi https://t.co/XZyL9X33hI #PatnaHighCourt https://t.co/LтАж
120,"RT @ZeeNewsHindi: рд╡рд┐рд░рд╛рдЯ рдХреЛрд╣рд▓реА рд╕реЗ рдмреНрд░реЗрдХрдЕрдк рдкрд░ рдЕрдиреБрд╖реНрдХрд╛ рд╢рд░реНрдорд╛ рдХреЗ рдХрд░реАрдмреА рджреЛрд╕реНрдд рдХрд╛ рдЦреБрд▓рд╛рд╕рд╛, рдкреИрд╕реЗ рдХреЗ рд▓рд┐рдП рд░рд┐рд╢реНрддреЗ рдореЗрдВ рдЖрдИ рджрд░рд╛рд░ https://t.co/FT6CKVzsWe"
121,"рдореБрдЯреНрдареА рднрд░ рд▓реЛрдЧ рдЖрдЧ рдЙрдЧрд▓ рд░рд╣реЗ рд╣реИрдВ, рд▓рдЧрд╛рдо рдХрд╕реЗ рд╕рд░рдХрд╛рд░: рдЬрдореАрдпрдд-рдЙрд▓реЗрдорд╛-рдП-рд╣рд┐рдВрдж!... рдзрд╛рд░реНрдорд┐рдХ-рдордЬрд╣рдмреА рдХрдЯреНрдЯрд░рддрд╛ рд╡рд┐рд░реЛрдзреА рдЕрднрд┐рдпрд╛рди рдЪрд▓реЗ!! https://t.co/QMz8QwNQ0U"
122,"рдЧреБрд▓рд╛рдо рдирдмреА рдЖрдЬрд╛рдж рдиреЗ RSS рдХреА рддреБрд▓рдирд╛ ISIS рд╕реЗ рдХреА, рдмреАрдЬреЗрдкреА рдФрд░ рд╕рдВрдШ рдХреА рддреАрдЦреА рдкреНрд░рддрд┐рдХреНрд░рд┐рдпрд╛ - рдПрдирдбреАрдЯреАрд╡реА рдЦрдмрд░ https://t.co/poGcL17h6H #India"
123,RT @sahilsoni564: ...рдХрд░реЛ рдпрд╛ рдорд░реЛ... рд░рд╛рдорд▓реАрд▓рд╛ рдореИрджрд╛рди рднрд░реЛ рджрд┐рд▓реНрд▓реА рдЪрд▓реЛ..17 рдорд╛рд░реНрдЪ тЪбрдПрдХреНрд╕рд╛рдЗрдЬ рдбреНрдпреВрдЯреА рд╡ рдХрд░ рдХреЗ рд╡рд┐рд░реЛрдз рдореЗ...тЪб рд╕рд░рд╛рдлрд╛ рдПрд╡рдВ рдЬреНрд╡реИрд▓рд░реНрд╕ рдПрд╢реЛрд╕рд┐рдПрд╕тАж
124,LiveNews24x7: #BreakingNews рдореАрдЯрд┐рдВрдЧ рдореЗрдВ JDS рд╡рд░реНрдХрд░ рдиреЗ рдорд╣рд┐рд▓рд╛ рдХреЛ рдЬрдбрд╝рд╛ рдердкреНрдкрдбрд╝ https://t.co/M9yfR51Kyh https://t.co/LEw30ih8wS
125,"RT @MediaVsIndia: рд░рдВрдбрд╡реЗ, рддреЗрд░реЗ #RSS рд╡рд╛рд▓реЗ рдмрд╛рдк рдиреЗ рдХрд╛рдмреБрд▓ рдХрд┐рдпрд╛ рд╣реИ рд╡реЛ #ISI рд╕реЗ рдкреИрд╕реЗ рд▓реЗрддрд╛ рд╣реИ, рдЕрдирдкрдврд╝ рдордВрджрдмреБрджреНрдзрд┐ рд╕реВрдЕрд░! https://t.co/YOqGssaQdM https:/тАж"
126,"RT @kiran_patniak: рдЧреБрд▓рд╛рдо рдирдмреА рдЖрдЬрд╛рдж рдиреЗ RSS рдХреА рддреБрд▓рдирд╛ ISIS рд╕реЗ рдХреА, рдмреАрдЬреЗрдкреА рдФрд░ рд╕рдВрдШ рдХреА рддреАрдЦреА рдкреНрд░рддрд┐рдХреНрд░рд┐рдпрд╛!!.. рд╕рд╣реА рдХрд╣рд╛! https://t.co/zE6gxQGSfW"
127,RT @dwivedijispeaks: рдЪреВрддрд┐рдпреЗ рдХреНрдпрд╛ рдордВрдЧрд▓ рдЧреНрд░рд╣ рд╕реЗ рдЖрддреЗ рд╣реИ... рдЕрдЧрд░ рдРрд╕рд╛ рдЖрдк рд╕реЛрдЪрддреЗ рд╣реИ рддреЛ рдЧрд▓рдд рд╣реИ ... рд╕рдЪ рдореЗ рдЪреВрддрд┐рдпреЗ рдХреЛ рджреЗрдЦрдирд╛ рд╣реИ рддреЛ @Joydas ko dekho httтАж
128,рдореБрд╕рд▓рдорд╛рдиреЛ рдХреЗ рдЦрд┐рд▓рд╛рдл рд╕рд░рдХрд╛рд░ рдХреЗ рдЖрдпреБрд╖ рдордВрддреНрд░рд╛рд▓рдп рдХрд╛ рд╕рдирд╕рдиреАрдЦреЗрдЬ рдЦреБрд▓рд╛рд╕рд╛ https://t.co/Ab2HX5CtXf #Muslims https://t.co/lgjH7kZgJR
129,#India | #рднрд╛рд░рдд рд╕рдЬрд╝рд╛! 6 рд╕рд╛рд▓ рдХреЗ рдмрдЪреНрдЪреЗ рдХреЛ рдирдВрдЧрд╛ рдХрд░рдХреЗ рдЦрдбрд╝рд╛ рдХрд┐рдпрд╛ https://t.co/YYUoYXUThC
130,RT @AnjuNagarajan: рдЦреЗрддреЛрдВ рдореЗрдВ рдкреЙрдЯреА рдХрд░рдиреЗрд╡рд╛рд▓реЗ рдХреЗ рдирд╕реАрдм рдореЗрдВ  рдЖрдпрд╛ред CM рдХреЗ рдЪрдкрд░рд╛рд╕реА рд╣реЛрдиреЗ рдХреА рдФрдХрд╛рдж рдирд╣реА рд╡реЛ CM рдмрдирд╛ рддреЛ рдРрд╕реА рдмреЗрд╣реВрджрд╛ рдмрд╛рддреЗ рддреЛ рдХрд░реЗрдЧрд╛ рд╣реА  httтАж
131,рд╢реНрд░реА рд╢реНрд░реА рдЭреВрдЯ рдмреЛрд▓рдиреЗ рд╕реЗ рдкрд╣рд▓реЗ рдпреЗ рдЯреНрд╡реАрдЯ рддреЛ рдЙрдбрд╝рд╛ рджреЗрддрд╛ #рдЪреЛрд░реЛрдВ_рдХрд╛_рдЪреМрдХреАрджрд╛рд░ @SriSri https://t.co/MO1irjuuY5
132,@khushi2434 рдкрд╛рдХрд┐рд╕реНрддрд╛рди рдХрд╛ рднрдЧреЛрдбрд╝рд╛ рдЖрдбрд╡рд╛рдгреА India рдХрд╛ рдирдордХ рдЦрд╛рдХрд░ рдкрд╛рдХрд┐рд╕реНрддрд╛рди рдореЗрдВ рдЬрд┐рдиреНрдирд╛ рдХреА рдХрдмреНрд░ рдкрд░ BJP рдХреА рддрд╛рд░реАрдл рдХрд░рддрд╛#. Stp рдкрд░ рд╕рд╛рд╕ рдмрд╣реВ рдЖрдкрдиреЗ рдлреЛрдХрдЯ рдХрд┐рдпрд╛ 
133,RT @MediaVsIndia: рдХреНрдпрд╛ рдЖрдк рдирд╡рд╛рдЭ рд╢рд░реАрдл рдХреА рдирд╛рдЬрд╛рдпрдЬ рдФрд▓рд╛рдж @sudhirsingh2011 рд╕реЗ рдорд┐рд▓реЗ рд╣реИ рдЬрд┐рд╕рдХрд╛ рдмрд╛рдк #рдлреЗрдВрдХреВ рдкрд╛рдХрд┐рд╕реНрддрд╛рдиреА #ISI рд╕реЗ рдкреИрд╕реЗ рд▓реЗрддрд╛ рд╣реИ? https://t.тАж
134,"RT @DJ22VJ: Mr @BJPRajnathSingh &amp; @narendramodi рдЖрдк рдпрд╣рд╛рдБ рдПрдХ рдЙрджрд╛рд╣рд░рдг рдкреНрд░рд╕реНрддреБрде рдХрд░ рд╕рдХрддреЗ рд╣реИ, рдкрд░ рдХреНрдпрд╛ рдХрд░реЗ рдЖрдк рддреЛ рдлрдЯреНрдЯреВ рд╣реИрдВ  https://t.co/gBUalnGxтАж"
135,рдореБрд╕рд▓рдорд╛рдиреЛрдВ рдХреА рдкрдврд╝рд╛рдИ рдореЗрдВ рд░реЛрдбрд╝реЗ рдЕрдЯрдХрд╛ рд░рд╣реА рд╣реИ рдореЛрджреА рд╕рд░рдХрд╛рд░ https://t.co/n1vsBxllhl https://t.co/xslhR4IzyA
136,RT @MediaVsIndia: рдирд╡рд╛рдЬ рд╢рд░реАрдл рдХреА рдирд╛рдЬрд╛рдпрдЬ рдФрд▓рд╛рдж рд╕рдВрдШреА рд╣рд┐рдЬрдбрд╝реЗ @sudhirsingh2011 рдХрд╛ рд╢реБрдХреНрд░рд┐рдпрд╛! рдЙрд╕рдХреА рд╡рдЬрд╣ рд╕реЗ #RSS-#ISI рдХрд╛ рд▓рд┐рдВрдХ 25 рдмрд╛рд░ рдкреЛрд╕реНрдЯ рдХрд┐рдпрд╛! httpтАж
137,RT @MediaVsIndia: рднрдЧрд╡рд╛рди рд╕реЗ рдкреНрд░рд╛рд░реНрдердирд╛ рд╣реИ @sudhirsingh2011 рдЬреИрд╕реЗ рд╣рд┐рдЬрдбрд╝реЗ рд░реЛрдЬ рдорд┐рд▓реЗ рдФрд░ рдпрд╛рдж рджрд┐рд▓рд╛рдпреЗ рдмрддрд╛рдиреЗ рдХреЗ рд▓рд┐рдП рдХреА #RSS #ISI рд╕реЗ рдкреИрд╕реЗ рд▓реЗрддрд╛ рд╣реИ! httpтАж
138,рдореБрд╕рд▓рдорд╛рдиреЛрдВ рдХреА рдкрдврд╝рд╛рдИ рдореЗрдВ рд░реЛрдбрд╝реЗ рдЕрдЯрдХрд╛ рд░рд╣реА рд╣реИ рдореЛрджреА рд╕рд░рдХрд╛рд░ https://t.co/n1vsBx3KpN https://t.co/Bn8j7dxVct
139,RT @abtwitts: рд▓реЛ рдХрд░ рд▓реЛ рдмрд╛рддред рдЖрдЬ рдХреА рдирд╛рд░реА рдХреА рдЕрд╕рд▓рд┐рдпрддред рдЗрдиреНрд╣реЗрдВ рдЪрд╛рд╣рд┐рдП рдкреБрд░реБрд╖реЛрдВрдХрд╛ рд╕рд┐рд░реНрдл рдкреИрд╕рд╛! рд╡рд╛рд╣ рд░реЗ рдЙрдкрд░рд╡рд╛рд▓реЗ рдмрдЪрд╛ рд▓реЗ рдкреБрд░реБрд╖реЛрдВрдХреЛ!! https://t.co/iF80GUfтАж
140,RT @MediaVsIndia: рд╕рдВрдШреА рд╣рд┐рдЬрдбрд╝реЗ @sudhirsingh2011 рдХреА рд╡рдЬрд╣ рд╕реЗ #RSS-#ISIрдирд╛рдЬрд╛рдпрдЬрд╝ рд░рд┐рд╢реНрддреЗ рдХрд╛ рд▓рд┐рдВрдХ 25+ рдмрд╛рд░ рдкреЛрд╕реНрдЯ рдХрд┐рдпрд╛! рдЦрдмрд░ рдЬреНрдпрд╛рджрд╛ рдлреИрд▓реЗрдЧреА! https://t.тАж
141,RT @MediaVsIndia: рднрдЧрд╡рд╛рди рд╕реЗ рдкреНрд░рд╛рд░реНрдердирд╛ рд╣реИ @sudhirsingh2011 рдЬреИрд╕реЗ рд╣рд┐рдЬрдбрд╝реЗ рд░реЛрдЬ рдорд┐рд▓реЗ рдФрд░ рдпрд╛рдж рджрд┐рд▓рд╛рдпреЗ рдмрддрд╛рдиреЗ рдХреЗ рд▓рд┐рдП рдХреА #RSS #ISI рд╕реЗ рдкреИрд╕реЗ рд▓реЗрддрд╛ рд╣реИ! httpтАж
142,"RT @DJ22VJ: Mr @BJPRajnathSingh &amp; @narendramodi рдЖрдк рдпрд╣рд╛рдБ рдПрдХ рдЙрджрд╛рд╣рд░рдг рдкреНрд░рд╕реНрддреБрде рдХрд░ рд╕рдХрддреЗ рд╣реИ, рдкрд░ рдХреНрдпрд╛ рдХрд░реЗ рдЖрдк рддреЛ рдлрдЯреНрдЯреВ рд╣реИрдВ  https://t.co/gBUalnGxтАж"
143,RT @MediaVsIndia: рднрдХреНрддреЛрдВ рдХреЗ рдкреНрд░рд┐рдп @ZeeNews рдХрд╛ рдХрд╣рдирд╛ рд╣реИ рдХреА рдкрд╛рдХрд┐рд╕реНрддрд╛рдиреА рдХреБрддреНрддреЗ @sudhirsingh2011 рдХреЗ #RSS рд╡рд╛рд▓реЗ рдмрд╛рдк #ISI рд╕реЗ рдкреИрд╕реЗ рд▓реЗрддреЗ рд╣реИ! https://тАж
144,"@KshitijDisIz ye hk,zimb ke match dikha rahe hai aur india ka nhi "
145,рдЬреИрд╕рд╛ рдирд╛рдо рд╡реИрд╕рд╛ рдХрд╛рдоредрд╕рдЪрдореБрдЪ рдореЗрдВ рдЗрдирдХреЗ рджрд┐рдорд╛рдЧ рдореЗрдВ рдЧреЛрдмрд░ рд╣реИред isis рдХрд╛ рд╕рдореНрдорд╛рди рдХрд░рдирд╛ рд╕реЛрдирд┐рдпрд╛ рдФрдП рд░рд╛рд╣реБрд▓ рдЧрд╛рдВрдзреА рдХрд╛ рдХрд╛рдо рд╣реИ https://t.co/gV360KWFFS
146,рдореБрд╕рд▓рдорд╛рдиреЛрдВ рдХреА рдкрдврд╝рд╛рдИ рдореЗрдВ рд░реЛрдбрд╝реЗ рдЕрдЯрдХрд╛ рд░рд╣реА рд╣реИ рдореЛрджреА рд╕рд░рдХрд╛рд░ https://t.co/n1vsBxllhl https://t.co/yMJpACyzhb
147,"рдмрд┐рдХрд╛рдК рдореАрдбрд┐рдпрд╛ рдЬрд┐рддрдирд╛ рд╕рдордп рд╣рд┐рдиреНрджреВ-рд╕рдВрддреЛ рдХреЛ рдмрджрдирд╛рдо рдХрд░рдиреЗ рдореЗ рд▓рдЧрд╛рддрд╛ рд╣реИ, рдЙрддрдирд╛ рд╕рдордп рдХрд╛рд▓рд╛-рдзрди рдЬреИрд╕реЗ рдЬрди-рд╣рд┐рдд рдХреЗ рдореБрджреНрджреЛ рдХреЛ рдХреНрдпреЛ рдирд╣реА рджреЗрддрд╛? #Media420"
148,"@king_ranjhna рдкрддреНрд░рдХрд╛рд░рд┐рддрд╛ рд╣рдорд╛рд░реЗ рджреЗрд╢рдХреЗ рдХрд░реНрдгрдзрд╛рд░реЛрдВ рдХрд╛ рджреБрд░реНрднрд╛рдЧреНрдп, рдРрд╕реЗ рдЕрдЦрдмрд╛рд░реЛрдВрдХрд╛ рд╕рд░рдХрд╛рд░ рдмрд╛рд▓ рднреА рдмрд╛рдВрдХрд╛ рдирд╣реАрдВ рдХрд░ рдкрд╛рддреА #Media420 https://t.co/xdNvWjrcVf"
149,@king_ranjhna #Media420 рди рд╢рд░рдо рди рдорд▓рд╛рд▓ рдЬрд╛рдЧреЛ рднрд╛рд░рддрд╡рд╛рд╕рд┐рдпреЛрдВ рдЖрдЦрд┐рд░ рдХрдм рдХрд╕реЗрдЧреА рд╕рд░рдХрд╛рд░ рд▓рдЧрд╛рдо рдмрд┐рдХрд╛рдК рдореАрдбрд┐рдпрд╛ рдФрд░ рдордирдорд╛рдиреЗ рдЯреНрд░рд╛рдпрд▓реНрд╕ рдкрд░? https://t.co/7OdXzQXJ40
150,@mranjay5 @ShivAroor #Media420 рдиреЗ рджреЗрд╢ рдХреА рд╕рдВрд╕реНрдХреГрддрд┐ рдХреЛ рдЙрдЦрд╛рдбрд╝рдиреЗ рдХрд╛ рдЬреЛ MNC's рд╡ Missionaries рд╕реЗ рдареЗрдХрд╛ рд▓рд┐рдпрд╛ рдЙрд╕рд╕реЗ рджреЗрд╢ рдХреА рдЧрд░реАрдорд╛ рдХреЛ рдареЗрд╕ рдкрд╣реБрдЪреА рд╣реИ!
151,@abpnewshindi рдЪреБрдк рдХрд░ рд░реЗ рджреЗрд╢ рджреНрд░реЛрд╣реА рдЪреИрдирд▓
152,рдРрд╕реЗ рд▓реЛрдЧ рдХрд╛рдВрдЧреНрд░реЗрд╕ рдХреЗ рд▓рд┐рдП рджреБрдЦрджрд╛рдИ рд╕рд╛рдмрд┐рдд рд╣реЛ рд╕рдХрддреЗ рд╣реИ рдЬреЛ рдкрдж рд▓реЗрдХрд░ рдорд╣рд┐рд▓рд╛рдУ рд╕реЗ рд░рд╛рддреЛрд░рд╛рдд рдЕрд╢реНрд▓реАрд▓ рдЪреЗрдЯ рдХрд░реЗ рд╕рдордЭрдирд╛ рдЪрд╛рд╣рд┐рдП рдРрд╕реЗ рд╣реА рд▓реЛрдЧ рдХрд▓рдВрдХ рд╣реИ рдкрд╛рд░реНрдЯреА рдФрд░ рд╕рдорд╛рдЬ рдкрд░
153,рдХреИрд▓реЗрдВрдбрд░ рддреЛ рдЗрд╕ рдмрд╛рд░ рднреА рдЫрдкреЗрдЧрд╛ рдорд╛рд▓реНрдпрд╛ рдХрд╛.. рд▓реЗрдХрд┐рди рдЗрд╕ рдмрд╛рд░ рдореЙрдбрд▓реНрд╕ рдХреА рдЬрдЧрд╣ рдмреИрдВрдХрд░реНрд╕ рдирдВрдЧреЗ рд╣реЛрдВрдЧреЗ..
154,рд╕рд╛рдорд╛рдиреНрдп рд▓реЛрдЧреЛ рдХреЛ рдХрд┐рд╕ рддрд░рд╣ рдлрд╕рд╛рддреЗ рд╣реИ рдХреБрдЫ рдХрд╛рдВрдЧреНрд░реЗрд╕реА рдиреЗрддрд╛ рд╣реИ рдкрддрд╛ рдирд╣реА рдХреНрдпрд╛ рджреЗрдЦрдХрд░ рдЗрдиреНрд╣реЗрдВ рдкрдж рджрд┐рдпрд╛ рдЬрд╛рддрд╛ рд╣реИ рд╕рдордЭ рдирд╣реА рдЖрддрд╛ рдЬреЛ рдорд╣рд┐рд▓рд╛рдУ рд╕реЗ рдХрд╛рдо рдХреЗ рдмрд╣рд╛рдиреЗ 1/2
155,@chetnahyd @gavi рдореАрдбрд┐рдпрд╛ рднрд╛рд░рддреАрдп рд╕рдВрд╕реНрдХреГрддрд┐ рдХреЛ рд╣реА рдЦрддреНрдо рдХрд░рдиреЗ рдореЗрдВ рд▓рдЧрд╛ рд╣реИред рднрд╛рд░рддреАрдп рдореАрдбрд┐рдпрд╛ рд╡рд┐рджреЗрд╢реА рдкреИрд╕реЛрдВ рд╕реЗ рдЪрд▓рддрд╛ рд╣реИ! #Media420 https://t.co/5k6Q1jczzW
156,@abhayose1 @AmdAshram рд▓рдЧрддрд╛ рд╣реИ #Media420 рдХрд╛ рдЙрд╕реА рдЦрдмрд░ рдореЗрдВ рдЗрдВрдЯрд░реЗрд╕реНрдЯ рд╣реИ рдЬрд┐рд╕рдореЗ рд╡рд╣ рджреВрд╕рд░реЗ рдХреЛ рдмреНрд▓реИрдХрдореЗрд▓ рдХрд░ рдкреИрд╕рд╛ рдРрдВрда рд╕рдХреЗред https://t.co/p2XzglU0xH
157,рдХрд╛рдВрдЧреНрд░реЗрд╕ рдореЗрдВ рдХреБрдЫ рдЫреВрдЯ рднреИрдпреНрдпреЛ рдХреА рд╡рдЬрд╣ рд╕реЗ рдкреВрд░реА рдкрд╛рд░реНрдЯреА рдХреЛ рдмреБрд░рд╛ рдирд╣реА рдмрдирд╛рдпрд╛ рдЬрд╛ рд╕рдХрддрд╛ рдХрд╛рдВрдЧреНрд░реЗрд╕ рд╡реЛ рдкрд╛рд░реНрдЯреА рд╣реИ рдЬрд┐рд╕рдиреЗ рдЕрдкрдиреЛрдВ рдХреЛ рджреЗрд╢ рдкрд░ рдХреБрд░реНрдмрд╛рди рд╣реЛрддреЗ рджреЗрдЦрд╛ рд╣реИ
158,рдорд╣рд┐рд▓рд╛рдУ рд╕реЗ рд░рд╛рдд рдореЗрдВ рдЕрд╢реНрд▓реАрд▓рддрд╛ рдлреЗрд▓рд╛рдП рдРрд╕реЗ рдореЗрдВ рдПрдХ рджреЗрд╢рднрдХреНрдд рдкрд╛рд░реНрдЯреА рдХреА рддреЛ рдЬрдЧ рд╣рд╕рд╛рдИ рд╣реЛрдЧреА рдХреИрд╕реЗ рдЕрд╢реНрд▓реАрд▓реЛ рдХреЛ рдкрдж рджрд┐рдпрд╛ рдЧрдпрд╛ рдкрдж рджреЗрдиреЗ рд╡рд╛рд▓реЛ рдХреА рдпреЛрдЧреНрдпрддрд╛ рдкрд░ рд╢рдХ рд╣реИ
159,рдЙрдирдХреЛ рдЕрдкрдиреЗ рдЬрд╛рд▓ рдореЗрдВ рдлрд╕рд╛рдП рдЖрдЦрд┐рд░ рдХрд┐рд╕ рдмрд┐рд╣рд╛ рдкрд░ рдРрд╕реЗ рд▓реЛрдЧреЛ рдХреЛ рдХрд╛рдВрдЧреНрд░реЗрд╕ рдореЗрдВ рдЬрдЧрд╣ рджреА рдЧрдИ рд╣реИ рдХрд╛рдВрдЧреНрд░реЗрд╕ рдЬрдореАрдиреА рд╕реНрддрд░ рдХреЗ рдХрд╛рд░реНрдпрдХрд░реНрддреНрддрд╛ рд╕реЗ рдЪрд▓ рд░рд╣реА рд╣реИ рдирд╛ рдХреА рдиреЗрддрд╛ рд╕реЗ
160,"@deepikakhuran11 рдореАрдбрд┐рдпрд╛ рдЪреМрдерд╛-рд╕реНрддрдВрдн рдирд╛ рдмрдирдХрд░, рд╕рдВрддреЛ рдХреЗ рдЕрдкрдорд╛рди рдХрд╛ рдЬрд╝рд░рд┐рдпрд╛ рдмрдирддрд╛ рдЬрд╛ рд░рд╣рд╛ рд╣реИ ! рдЦрд╝рд╛рд╕-рддреМрд░ рдкрд░ рдЗрд▓реЗрдХреНрдЯреНрд░реЙрдирд┐рдХ рдореАрдбрд┐рдпрд╛ !#Media420"
161,@Kkmishraonline рд╕рд░ рд╣рдж рд╣реЛ рдЧрдИ рдХрд╛рдВрдЧреНрд░реЗрд╕ рдореЗрдВ рд╣реЛрдХрд░ рдХреБрдЫ рд▓реЛрдЧ рдпрд╣рд╛ рдРрд╕реА рд╣рд░рдХрддреЗ рдХрд░ рд░рд╣реЗ рд╣реИ рдХреЗ рдЙрдиреНрд╣реЗрдВ рдЕрдкрдиреЗ рдкрдж рдХреА рднреА рдЧрд░реАрдорд╛ рдирдЬрд░ рдирд╣реА рдЖрддреА рдпреЗ рддреЛ рдЕрдпреЛрдЧреНрдпрддрд╛ рд╣реИ рд╕рд░
162,@ArvindKejriwal рдЕрдкрдиреЗ рдЪрдордЪреЛ рдХреЛ рд╕рдордЭрд╛рдУ рдЧреБрдВрдбрд╛рдЧрд░реНрджреА рдХрд░рддреЗ рдлрд┐рд░рддреЗ рд╣реЗ
163,"рдореАрдбрд┐рдпрд╛ рдХреЛ рдирд┐рд╖реНрдард╛рдкреВрд░реНрд╡рдХ, рд░рд╛рд╖реНрдЯреНрд░ рд╕рдорд░реНрдкрдг рдХреА рднрд╛рд╡рдирд╛ рдХреЗ рд╕рд╛рде рдЬрдирд╣рд┐рдд рдХреЗ рд▓рд┐рдП рдХрд╛рд░реНрдп рдХрд░рдирд╛ рдЪрд╛рд╣рд┐рдП, рдкрд░ рд╡реЗ рдареАрдХ рд╡рд┐рдкрд░реАрдд рдХрд╛рд░реНрдп рдХреНрдпреЛрдВ рдХрд░рддреЗ рд╣реИрдВ? #Media420"
164,@gauravkrishnag рдмрд┐рд╣рд╛рд░реАрдЬреА рдХреА рд╣рд░рдХрддреЗрдВ рджреЗрдЦ рдХрд░ рдХрднреА рдХрднреА рдореЛрдж рдореЗрдВ рдЕрдирд╛рдпрд╛рд╕ рд╣реА рдореБрдБрд╣ рдирд┐рдХрд▓ рдкрдбрд╝рддрд╛ рд╣реИ -рд╣реЗ 'рднрдЧрд╡рд╛рди'! рдХреНрдпрд╛ рд╣реЛрдЧрд╛ рдЗрд╕рдХрд╛ред 
165,#рдЖрдкрдХреАрдмрд╛рдд рд╡рд┐рдЬрдп рдорд╛рд▓реНрдпрд╛ рдХрд╛ рджреЗрд╢ рд╕реЗ рднрд╛рдЧ рдЬрд╛рдирд╛ рдореЛрджреА рд╕рд░рдХрд╛рд░ рдФрд░ рдЬрд╛рдВрдЪ рдРрдЬрдВрд╕рд┐рдпреЛ рдХреА рдХрдордЬреЛрд░реА рдХрд╛ рдкреНрд░рд░реНрджрд╢рди рд╣реИ
166,@AAPVind @sanjaiuwach @500Urvashi @MediaVsIndia @Maddy_Saheb рддреЗрд░реЗ рдЬреИрд╕реЗ рд▓реБрдЪреНрдЪреЗ рд╕реЗ рдбрд░ рдЧрдпрд╛ рдореИ рд╣рд╣рд╣
167,@rgu009 @A_1Soni #Media420 рдХреЗ рдмреНрд░реЗрдирд╡рд╛рд╢ рдХрд╛ рд╣реА рдирддреАрдЬрд╛ рд╣реИ рдХреА рд╣рд┐рдиреНрджреВ рд╕рдВрд╕реНрдХреГрддрд┐ рд╡рд┐рдореБрдЦ рд╣реЛ рд░рд╣реЗ рд╣реИрдВред https://t.co/dHf58vlhD4
168,"рд░рд╛рд╖реНрдЯреНрд░ рд╕реЗрд╡рд╛ рдХреЗ рд▓рд┐рдП рд╕рднреНрдп рдкрддреНрд░рдХрд╛рд░рд┐рддрд╛ рд╣реЛрдиреА рдЪрд╛рд╣рд┐рдП, рд▓реЗрдХрд┐рди рдЖрдЬ рдореАрдбрд┐рдпрд╛ рдореЗрдВ рдЕрд╕рднреНрдпрддрд╛ рдЕрдкрдиреА рдЪрд░рдо рдкрд░ рд╣реИ ред #Media420 https://t.co/Enr5r5Ab5J"
169,RT @abpnewshindi: OROP: рдкреВрд░реНрд╡ рд╕реИрдирд┐рдХ рдЕрдзрд┐рдХрд╛рд░реА рдХреА рдЧрд┐рд░рдлреНрддрд╛рд░реА рдкрд░ рднрдбрд╝рдХреА рдЖрдк https://t.co/5z8jjXO9vq
170,рд╢рд░реНрдо ( RSS ) рдирд╣реАрдВ рдЖрддреА ; https://t.co/TDPWnBNkFc
171,рдЪреАрди рдХреА рд╕реЗрдирд╛ рднрд╛рд░рдд рдХрд╛ рд╕реАрдирд╛ рд░реМрдВрджрддреА рд░рд╣реА рдФрд░ рдкреНрд░рдзрд╛рдирдордВрддреНрд░реА рд╕рдВрдЧреАрдд рдореЗрдВ рдорд╕реНрдд рд░рд╣реЗ https://t.co/IwOyW39fYE https://t.co/BHKRUpyOKS
172,Delhi ACB рдкреЗ рдкреИрд░рд╛рдорд┐рд▓рд┐рдЯреНрд░реА рд╕реЗ рдХрдмреНрдЬрд╝рд╛ рдХрд░рдиреЗ рд╡рд╛рд▓рд╛ рдореЛрджреА #рдЪреЛрд░реЛрдВ_рдХрд╛_рдЪреМрдХреАрджрд╛рд░ рд╣реИ https://t.co/II31u6Fhpc
173,RT @jhalli_arti: India рдореЗрдВ рд▓рдбрд╝рдХрд┐рдпрд╛рдБ girlfriend рдмрд╛рдж рдореЗрдВ рдмрдирддреА рд╣реИрдВ рднрд╛рднреА рдкрд╣рд▓реЗ рдмрди рдЬрд╛рддреА рд╣реИрдВ :( :( :(
174,рдзреЛрдЦрд╛рдзрдбрд╝реА рдХреЗ рд▓рд┐рдП 164 рдЪрд┐рдЯрдлрдВрдб рдХрдВрдкрдирд┐рдпреЛрдВ рдХреЗ рдЦрд┐рд▓рд╛рдл рдЬрд╛рдВрдЪ рдЬрд╛рд░реА https://t.co/FVGg8oSBUl https://t.co/TczF1Gp77b
175,RT @tufailelif: .@Zubair_BBC: рдЕрдлрд╝рд╕реЛрд╕ рдХрд┐ рд╡рд░рд┐рд╖реНрда рдкрддреНрд░рдХрд╛рд░ рднреА рдЕрдкрдирд╛ рд╕рдВрддреБрд▓рди рдЦреЛрдХрд░ рдЗрд╕ рднрд╛рд╖рдг рдХреА рдЬрдп-рдЬрдпрдХрд╛рд░ рдХрд░ рд░рд╣реЗ рд╣реИрдВ. https://t.co/QXjf2ukVrI
176,RT @MediaVsIndia: рд╕рдВрдШреА рд╣рд┐рдЬрдбрд╝реЗ @sudhirsingh2011 рдХреА рд╡рдЬрд╣ рд╕реЗ #RSS-#ISIрдирд╛рдЬрд╛рдпрдЬрд╝ рд░рд┐рд╢реНрддреЗ рдХрд╛ рд▓рд┐рдВрдХ 25+ рдмрд╛рд░ рдкреЛрд╕реНрдЯ рдХрд┐рдпрд╛! рдЦрдмрд░ рдЬреНрдпрд╛рджрд╛ рдлреИрд▓реЗрдЧреА! https://t.тАж
177,RT @MediaVsIndia: рдирд╡рд╛рдЬ рд╢рд░реАрдл рдХреА рдирд╛рдЬрд╛рдпрдЬ рдФрд▓рд╛рдж рд╕рдВрдШреА рд╣рд┐рдЬрдбрд╝реЗ @sudhirsingh2011 рдХрд╛ рд╢реБрдХреНрд░рд┐рдпрд╛! рдЙрд╕рдХреА рд╡рдЬрд╣ рд╕реЗ #RSS-#ISI рдХрд╛ рд▓рд┐рдВрдХ 25 рдмрд╛рд░ рдкреЛрд╕реНрдЯ рдХрд┐рдпрд╛! httpтАж
178,#BreakingNews рд╣рдиреА рдЯреНрд░реИрдкрдГ рдмрдВрджрд░рд┐рдпрд╛ рдХреЗ рдЪрдХреНрдХрд░ рдореЗрдВ 'рдлрдВрд╕' рд░рд╣реЗ рдмрдВрджрд░ https://t.co/afs9PiEEpU
179,"RT @koolanand: ""Go Back Modi"" рдХрд╣рддреЗ рдХрд╣рддреЗ ""Go back India"" рддрдХ рдЪрд▓реЗ рдЖрдпреЗ !!!! рд╕реНрд╡рд╛рдореА рд╡рд┐рд╡реЗрдХрд╛рдирдиреНрдж рдХреЛ рдЧрд╛рд▓реА рджреЗрдиреЗ рд╡рд╛рд▓реЗ рдЕрдлрдЬрд▓ рдЧреБрд░реБ рдХреЗ рдЬрдпрдХрд╛рд░реЗ рд▓рдЧрд╛рдиреЗ рд▓рдЧреЗ !тАж"
180,RT @MediaVsIndia: рд╕рдВрдШреА рд╣рд┐рдЬрдбрд╝реЗ @sudhirsingh2011 рдХреА рд╡рдЬрд╣ рд╕реЗ #RSS-#ISIрдирд╛рдЬрд╛рдпрдЬрд╝ рд░рд┐рд╢реНрддреЗ рдХрд╛ рд▓рд┐рдВрдХ 25+ рдмрд╛рд░ рдкреЛрд╕реНрдЯ рдХрд┐рдпрд╛! рдЦрдмрд░ рдЬреНрдпрд╛рджрд╛ рдлреИрд▓реЗрдЧреА! https://t.тАж
181,"RT @khushi2434: рд▓рдЧрддрд╛ рд╣реИ ""рд╡рд┐рдЬрдп рдорд╛рд▓реНрдпрд╛"" рдХрд╛ рдЯреНрд╡реАрдЯ рдЕрдм рдЕрд╕рд░ рдХрд░рдиреЗ рд▓рдЧрд╛ рд╣реИ рдХреБрдЫ рд▓реЛрдЧреЛ рдХреЛ рдЕрдм рдорд┐рд░реНрдЪреА рд▓рдЧрдиреЗ рд▓рдЧреА рд╣реИ  https://t.co/q1Doo4yeZm"
182,@AAPInNews @Georgekurian4K рдардЧ рд╕рд░рдХрд╛рд░
183,"@SamirSahoo8 @comcast Dr Subramanian Swamy-'рднрд╛рд░рдд рдХреА рдореАрдбрд┐рдпрд╛ рдХреЗ рдорд╛рд▓рд┐рдХ рд╕реНрд╡рджреЗрд╢реА рд╣реЛ, рд╡рд┐рджреЗрд╢реА рдирд╣реАрдВ' #Media420 https://t.co/Bh1E6VDWgy"
184,"рдореЛрджреА рд╕рд░реНрдХрд╛рд░ рдореЗрдВ рдмрд╛рдмрд╛ рд▓реЛрдЧ рдХрд╛рдиреВрди рд╕реЗ рдКрдкрд░ рд╣реЛ рдЧрдпреЗ ? @Shehzad_Ind https://t.co/TqIqVc7cwQ"""
185,"@Raiavi99 @upma23 ""рд╡рд┐рдирд╛рд╢ рдХрд╛рд▓реЗ рд╡рд┐рдкрд░реАрдд рдмреБрджреНрдзрд┐"" рдЬрдм рдирд╛рд╖ рдордиреБрдЬ рдкрд░ рдЫрд╛рддрд╛ рд╣реИ рдкрд╣рд▓реЗ рд╡рд┐рд╡реЗрдХ рдорд░ рдЬрд╛рддрд╛ рд╣реИред рдХрд╛рдВрдЧреНрд░реЗрд╕ рдЕрдкрдиреЗ рдХрд┐рдпреЗ рдкрд░ рдордВрдерди рдХрд░реЗ, рдЬрдирддрд╛ рд╕рдм рд╕рдордЭрддреА рд╣реИ"
186,@deepfeelingssss рдЬрд▓рддрд╛ рд░рд╣ рдбрд╛рдХреВ 
187,@MangalKumawat рд╣рдореЗрдВ рдмреИрдВрдХ рдзрдордХреА рджреЗрддрд╛ рд╣реИ рднреНрд░рд╖реНрдЯрд╛рдЪрд╛рд░рд┐рдпреЛрдВ рдореИрд╣рд░рдмрд╛рди рдордзреНрдпрдкреНрд░рджреЗрд╢ рд╕рд░рдХрд╛рд░ рдирд╣реАрдВ рдЪрд▓реЗрдЧрд╛ рдЬрд╛рдЧреЛ рдХрд┐рд╕рд╛рди рднрд╛рдЗрдпреЛрдВ рдЬрдп рд╣рд┐рдВрдж рдЬрдп рднрд╛рд░рдд
188,@MangalKumawat рд╣рдо рднреА рдХрдо рдирд╣реАрдВ рдЗрд╕ рдХрд╛рдиреВрди рд▓рдбрд╝рд╛рдИ рд▓рдбрд╝рдиреЗ рддрдпрд╛рд░реА рдХрд░ рд░рд╣реЗ рд╣реИрдВ рдЬрд╛рдЧреЛ рдХрд┐рд╕рд╛рди рднрд╛рдЗрдпреЛрдВ рдЬрдп рд╣рд┐рдВрдж
189,рд╡рд┐рд╢реНрд╡рд╛рд╕ рдореЗрдВ рдЕрдЧрд░ рд╕рдВрджреЗрд╣ рдШреБрд╕реЗрдбрд╝ рд▓реЛ;рддреЛ рд╡рд┐рд╢реНрд╡рд╛рд╕-рд╡рд┐рд╢реНрд╡рд╛рд╕ рдирд╣реАрдВ рд░рд╣рддрд╛; рд╡рд┐рд╖-рд╡рд╛рд╕ рд╣реЛ рдЬрд╛рддрд╛ рд╣реИредред ##Su##
190,@DivyaGwalani рдирд┐рд░реНрджреЛрд╖ Bapu Ji рдХреЛ рд╣рд┐рдВрджреВ рд╕рдВрдд рд╣реЛрдиреЗ рдХреА рдорд┐рд▓ рд░рд╣реА рд╣реИ рд╕рдЬрд╝рд╛! рд╕рдВрдд рд╕рдорд╛рдЬ рдиреЗ рдЙрдард╛рдпрд╛ рд╕рд╡рд╛рд▓ - #MisuseOfRapeLaws Stop Rape law misuse ASAP!
191,рдЕрдореАрд░ рд▓реЛрдЧ рдХрд░реНрдЬрд╝ рдирд╣реАрдВ рдЪреБрдХрд╛ рдкрд╛рддреЗ рддреЛ рджреЗрд╢ рдЫреЛрдбрд╝ рднрд╛рдЧ  рдЬрд╛рддреЗ рд╣реИрдВ рдХрд┐рд╕рд╛рди рдХрд░реНрдЬрд╝ рдирд╣реАрдВ рдЪреБрдХрд╛ рдкрд╛рддреЗ рддреЛ рдпрд╣реНрдо рд▓реЛрдЧ рдЙрдард╛ рдЬрд╛рддреЗ рдЧрдЬрдм рдХрд╛ рдХрд╛рдиреВрди рд╣реИ рднрд╛рдИ
192,рд╕рдиреНрдбреЗ рдХреА рд╕реБрдмрд╣ рдмрдбрд╝реА рд╕реБрд╣рд╛рдиреА рд╕реА рд▓рдЧрддреА рд╣реИ рдкрд░ рд░рд╛рдд рдЖрддреЗ рд╣реА рдордВрдбреЗ рдХреЗреЗ рдЖрдиреЗ рдХрд╛ рдПрд╣рд╕рд╛рд╕ рд╢рд░реАрд░ рдореЗрдВ рд╕рд┐рд╣рд░рди рдкреИрджрд╛ рдХрд░ рджреЗрддрд╛ рд╣реИ
193,рдЖрдЬ рдХреЗ 'рд╕реЗрдХреБрд▓рд░ рдмреБрджреНрдзрдЬрд┐рд╡реА' рдЕрд░реНрдерд╛рддреН рд╣рд┐рдиреНрджреВ рд╡рд┐рд░реЛрдзреА рд╡рд┐рдХреНрд╖рд┐рдкреНрдд рдХреНрд░рд╛рдВрддрд┐рдХрд╛рд░реА рдХреБрддреНрддрд╛ !
194,@Guddi_07 @dcchoudhary197 рдирд╣реАрдВ рд▓рдЧрддрд╛ рдХреА рдЖрдкрдХреЛ рд░реВрдардирд╛ рдЖрддрд╛ рд╣реЛрдЧрд╛.. :(
195,@htTweets рд▓реЛрдХ рдирд╛рдпрдХ рдЕрд╕реНрдкрддрд╛рд▓ рдореЗрдВ рдорд░реАрдЬреЛрдВ рдХреЗ рдЗрд▓рд╛рдЬ рдореЗрдВ рдЬрд╛реЕрдЪ рдХреА рд░рд┐рдкреЛрд░реНрдЯ рдирд╣реА рджреА рдЬрд╛ рд░рд╣реА рд╣реИ рдЬрд┐рд╕ рдХрд╛рд░рдг рдорд░реАрдЬреЛрдВ рдХрд╛ рдЗрд▓рд╛рдЬ рдкреВрд░рд╛ рдирд╣реА рд╣реЛ рдкрд╛ рд░рд╣рд╛ рд╣реИред Pl help
196,тАШрдЧреБрд▓рд╛рдотАЩ рдпрдЬреАрджреА рдорд╣рд┐рд▓рд╛рдУрдВ рдХреЛ рдирд╣реАрдВ рд╣реИ тАШрдорд╛рдВтАЩ рдмрдирдиреЗ рдХрд╛ рдЕрдзрд┐рдХрд╛рд░ https://t.co/ocIseb9ko4
197,"рдмрд▓рд╛рддреНрдХрд╛рд░ рдХреЗ рдЭреВрдареЗ рдЖрд░реЛрдк рд▓рдЧрд╛, рдЬрдм рдПрдХ рд╡реНрдпрдХреНрддрд┐ рдХреЛ рдЬреЗрд▓ рдореЗрдВ рдмрдВрдж рдХрд┐рдпрд╛ рдЬрд╛рддрд╛ рд╣реИ, рддреЛ рдХреНрдпрд╛ рдХрд╛рдиреВрди рдЙрд╕рдХрд╛ рд╡рд╣ рд╕рдореНрдорд╛рди рд▓реМрдЯрд╛ рдкрд╛рдПрдЧрд╛? #MisuseOfRapeLaws"
198,@ChouhanShivraj @RSSorg рдХрд╛рдВрдЧреНрд░реЗрд╕реА рдкреИрджрд╛рдЗрд╢реА рдЪреЛрд░ рдФрд░ рдШреЛрдЯрд╛рд▓реЗрдмрд╛рдЬ рд╣реИрдВред рдкрдкреНрдкреВ рдХреА рд╡рдЬрд╣ рджрд┐рдорд╛рдЧ рд╕реЗ рдкрджрд▓ рднреА рд╣реЛ рдЧрдпреЗ рд╣реИред рдмреЗрдЪрд╛рд░реЗ рдХрд╛рдВрдЧреНрд░реЗрд╕рд┐рдпреЛрдВ рдкрд░ рджрдпрд╛ рдЖрддреА рд╣реИред
199,рдХреЗрддрд▓реА рдФрд░ рдЗрд╕рдХреЗ рджреЛрд╕реНрдд рдХреА рдЪрд╛рдп рддреЛ рдмрд╣реБрдд рдорд╣рдБрдЧреА рдкрдбрд╝ рд░рд╣реА рд╣реИ рднрд╛рдИ #RollBackEPF :(
200,"рдЯреЗрдВрд╢рди, рдлрд╝рд┐рдХреНрд░, рджрд░реНрдж рд╣реИ рдореБрдЭрд╕реЗ рдЯреНрд╡реАрдЯ рдирд╣реА рд╣реЛ рдкрд╛рдПрдЧреЗ @Myth_busterz @alamgirizvi @PainoliD @DILIPLOHIA @1Patelzuber @RishiWithRG @OfficeOfRG"
201,рдореЛрджреА рд╕рд░реНрдХрд╛рд░ рдореЗрдВ рдмрд╛рдмрд╛ рд▓реЛрдЧ рдХрд╛рдиреВрди рд╕реЗ рдКрдкрд░ рд╣реЛ рдЧрдпреЗ ? рд╢рд░реНрдо рдХреА рдмрд╛рдд рд╣реИ @Shehzad_Ind https://t.co/TqIqVc7cwQ
202,RT @chink47: рдХрд╕рдо рд╕реЗ рдЗрдВрд╕рд╛рдирд┐рдпрдд рд╕реЗ рд╡рд┐рд╢реНрд╡рд╛рд╕ рд╣реА рдЙрда рдЧрдпрд╛ рдЬрдм рдЪрд╛рдп рдХреЗ рдПрдХ рдХрдк рдХреЗ рднреА 1/3 рдХрд░ рдХреЗ рдкреАрдиреЗ рд╡рд╛рд▓реЗ рднреА #AfterTakingTwoPegs рдкреЗ рдЯреНрд╡реАрдЯ рдХрд░рдиреЗ рд╢реБрд░реВ рд╣реЛ тАж
203,рднрд╛рд░рддреАрдп рдЪреМрдХрдбрд╝реА рдХрд╛ рди рдЦреЗрд▓рдирд╛ 'рд░рд╣рд╕реНрдп' рд╣реА рд░рд╣рд╛  http://bbc.in/1TXeRcK  :(
